INSERT INTO player
(id, birthday,email,gender,hcp,name,surname)
VALUES
(1,'1975-12-30','t-woodsitch@mail.test',0,6.5,'Tiger','Woodsitch'),
(2,'1996-06-21','s-scheffleritch@mail.test',0,7.0,'Scottie','Scheffleritch'),
(3,'1998-08-05','borg123@mail.test',1,3.0,'Celine','Borgitch'),
(4,'1992-08-05','sarah.williams@mail.test',0,5.3,'Sarah','Williams');

INSERT player_photo (id,name, data)
VALUES
(1,'photo_1.png',
FROM_BASE64('iVBORw0KGgoAAAANSUhEUgAAASwAAAFjCAYAAACHczbMAAAAAXNSR0IArs4c6QAAAARnQU1BAACx
jwv8YQUAAAAJcEhZcwAAEnQAABJ0Ad5mH3gAABL0SURBVHhe7d07iy5VFofx4/0uiIHGpqKRgWYG
opHGguIX0EQRE0VQxEQQIxMRwdBvYCQomAgm+ikURcQLXmvonu6ZPk/XZe+qfa16frBg6H7fuqz1
X5uBGU5fGSSpE1f4A0lqlQeWpG54YEnqhgeWpG54YEnqhgeWpG54YEnqhgeWpG54YEnqhgeWpG54
YEnqhgeWpG54YElK7o8//hi++OKL4c033xxefPHF4dVXXx2+/fbb4e+//+ZHo3hgSUrqhx9+GN55
553h/vvvH26++ebhypUrw4033jh8+OGHw2+//caPR/HAkpTETz/9NHz66afD008/Pdxzzz3DNddc
c3pYndf7778//PLLL/xaFA8sSZv8+eefwzfffDO8/vrrwwMPPDDceuutlw4rDyxJ1f3888/Dxx9/
PDzxxBPDXXfdNVx77bWnh9Ptt98+3H333cP111/vgSWpvn///Xd49913h/vuu+9/B9V11103PPTQ
Q8NHH300PPfcc8Ntt93mgSWpvn/++Wd47LHHTv9b1MnB9OCDDw5vvfXW8PXXXw+//vrr8NJLLw13
3HGHB5ak+k4OrGeffXZ4+OGHh1deeWX4/PPPT/8XwvP/64IHlqSmfPXVV8OXX345fP/998Nff/11
1e88sCR1wwNLUjc8sCR1wwNLUjc8sCR1wwNLUjc8sCR1wwNLUjc8sCR1wwNLUjc8sFTVefBiS8fk
gaXseNjkLu2XB5aS4wFSu7QfHlhKgodEq6W+eWBpNR4GPZb64oGlKFz4LbUVr7el1AcPLAXhgsdW
KbxvbKltHliaxGWOqVbwuWJKdZz8M8kn/377yUHEeuGFF07/es75jN57773hu+++u+ozJ9/lv1Q6
x0nvAJd3qXrB514qlXfyTySf/JXnN95441I98sgjp3/x+Xw+Tz755PDaa69d9Zm33357+Oyzz07/
tmEIp9wxLuxc9Y7vM1cq4+TPfL388svDvffee/rfpFg33HDDVX9Q9aabbrr0mTvvvHN4/vnnT/9q
dAin2yEu6FztDd9vrpTXyYH1zDPPDLfccsul3sfUyTV+/PFHXn6UU+0Mhz1Ve8f3nSvlcXJgffLJ
J8NTTz01PProo6vq8ccfHz744IPh999/5+VHOc1OcAmn6mj4/lOlfXCSHeDyjdXRsR9jpf45xYZx
4cZKV2N/xkr9cnqN4pKNlaaxVyz1yck1hos1VgrDvo2V+uLEGsJlGivFYf/GSv1wWo3gErG0DfvJ
Uh+cVAO4PCylwb6y1D6nVBmXhqX02GP73Q8nVBGXxcUph/22931wOpVwSVyY8th3Z9A+J1MBl8NF
qYf9dxZtcyqFcSlckPo4B2fSLidSEJfBxWgH5+Fs2uQ0CuESuBDt4VycUXucRAEMv4vQLs7HWbXF
KWTG0LsA7eOcnFk7nEBmDLzB7wPn5ezaYPczYtANfF84N+dXn93PhCE37H3i/JxjXXY+A4bbkPeN
c3Se9dj1xBhqA94/ztGZ1mPHE2OgDfY+cJ7OtQ47nhDDbKj3hXN1vuXZ7UQYYsO8T5yvcy7LTifC
ABvkfeJ8nXNZdjoBhtcQ7xvn7LzLscsbMbSG9xg4b+dehh3eiIE1uMfAeTv3MuzwBgyroT0Wzt35
52d3N2BQDevxcP7mIC87uxIDalCPifM3B3nZ2ZUYUEN6XMyBecjHrq7AYBrQY2MOzEM+dnUFBtNw
inkwF3nY0UgMpMHUCebBXORhRyMwjIZSFzEX5iM9uxmBQTSQuoi5MB/p2c1ADKFh1Bjmw5ykZScD
MYAGUWOYD3OSlp0MxAAaQk1hTsxKOnYyAMNnCDWHOTEv6djFAAye4dMS5sXMpGEXFzB0hk8hmBdz
k4YdXMDAGTqFYm7MznZ2cAEDZ+gUirkxO9vZwRkMm6FTDObG/Gxn92YwaIZNsZgfM7SN3ZvBoBk2
xWJ+zNA2dm8CQ2bYtAbzY462sXMTGDBDprWYI7O0np2bwIAZMq3FHJml9ezcCIbLkGkL5sg8rWfX
RjBYhktbMU9mah27NoLBMlzainkyU+vYtREMluHSVsyTuVrHjgEDZaiUCnNltuLZMWCgDJVSYa7M
Vjw7BgyUoVIqzJXZimfHgIEyVEqFuTJb8ezYBQyToVJqzJb5imO3LmCQDJNSY77MWBy7dQGDZJiU
GvNlxuLYrQsYJMOk1JgvMxbHbl3AIBkmpcZ8mbE4dusMQ2SYlAszZs7C2akzDJAhUi7MmVkLZ6fO
MECGSLkwZ2YtnJ06wwAZIuXCnJm1cHbqDANkiJQLc2bWwtmpMwyQIVIuzJlZC2enzjBAhki5MGdm
LZydOsMAGSLlwpyZt3B2aSJAUk7Mm5kLY5cMjypg3sxcGLtkeFQB82bmwtglw6MKmDczF8YuGR5V
wLyZuTB2yfCoAubNzIWxS4ZHFTBvZi6MXTI8qoB5M3Nh7JLhUQXMm5kLY5cMjypg3sxcGLtkeFQB
82bmwtglw6MKmDczF8YuGR5VwLyZuTB2yfCoAubNzIWxS4ZHFTBvZi6MXTI8qoB5M3Nh7JLhUQXM
m5kLY5cMjypg3sxcGLtkeFQB82bmwtglw6MKmDczF8YunWF4DJByYtbMWxi7dIbhMUDKhTkza+Hs
1BkGyBApF+bMrIWzU2cYIEOkXJgzsxbOTp1hgAyRcmHOzFo4O3WGATJEyoU5M2vh7NQZBsgQKRfm
zKyFs1NnGCCDpFyYMXMWzk5dwBAZJKXGfJmxOHbrAgbJMCk15suMxbFbFzBIhkmpMV9mLI7duoBB
MkxKjfkyY3Hs1gUMkoFSasyW+Ypjt4BhMlBKhbkyW/HsGDBQhkqpMFdmK54dAwbKUCkV5spsxbNj
wEAZKqXCXJmteHZsBENlsLQV82Su1rFjIxgqg6WtmCcztY5dG8FgGS5txTyZqXXs2ggGy4BpC+bI
PK1n1yYwXAZMazFHZmk9OzeBATNkWos5Mkvr2bkJDJhB0xrMjznaxs7NYMgMmmIxP2ZoG7s3g0Ez
bIrF/JihbezeDAbNwCkGc2N+trN7Cxg2A6dQzI3Z2c4OLmDgDJ1CMTdmZzs7uICBM3gKwbyYmzTs
YACGzuBpCfNiZtKwiwEYPAOoOcyJeUnHLgZi+AygpjAnZiUdOxmIATSImsKMmJN07GQgBtAgagzz
YU7SspMRGELDKGI2zEdadjMCg2ggdRFzYT7Ss5uRGEZDqXPMhLlIz45GYiANpk4wD+YiDzu6AkNp
OMUsmIc87OpKDKcBPS7mwDzkY1dXYjgN6TFx/uYgLzu7AUNqUI+H8zcHednZDRhSw3osnLvzz8/u
bsSwGtpj4Lydexl2eCMG1uAeA+ft3MuwwwkwtIZ33zhn512OXU6E4TXE+8UZO+dy7HQiDLBB3ifO
1zmXZacTYogN875wrs63PLudGMNsqPeB83SuddjxxBhow90/ztGZ1mPHM2CoDXffOEfnWY9dz4Th
NuR94vycY112PiOG3LD3hXNzfvXZ/YwYdEPfD87L2bXB7mfGsBv89nFOzqwdTqAAht4FaBfn46za
4hQKYfhdhPZwLs6oPU6iIC6BC9EOzsPZtMlpFMZlcDHq4xycSbucSAVcChekHvbfWbTNqVTC5XBR
ymPfnUH7nExFXBIXphz22973welUxmVxcfJjn+15P5xQA7g0LKXBvrLUPqfUCC4PS9uwnyz1wUk1
hEs0VorHHrLUD6fVGC7TWGkZezZV6osTaxQXi6Vp7NVYqU9OrmFcsrHS1difsVK/nF4HuHBjdXTs
x1Spb06wE1y8qToavv9cqX9OsSNcwLk6Ar7zUql/TrEjXMCQ2hu+X0ypf06xI1zAmOod32eu5r6j
vjnBjnD5zheQP1uqXvC5l4r4+7HPqC9OsBNcPC4gfx5areHzhdYYfmbqc+qHE+wEF29u+fi5mCqN
94+pJfx86PfULqfXCS5dyOLx81tqK15vS8Xgd2O/r7Y4vU5w6WIWj9/rtdbgNdZeR21weh3gwm1Z
Ol6n9dqK10txTdXj9DrAhUu5dLxu7cqB98h1H+Xn5DrAZcu5cLxP7iqB9yx1X6Xn5BrHRau1cLx/
bNXEZ6n9PFrPyTWOi+ayxWP/7GO/nFrjuGQu2jrsoX3sk1NrGBfMRVuPPbSPfXJqDeOCuWTrsY/2
s09OrFFcLBdsO/bSfvbHiTWKi+Vybcd+2tP+OLFGcbFcru3YT/vaH6fVIC6Ui5UOe2pf++K0GsSF
cqnSYV/tb1+cVGO4SC5Ueuyt/e2Hk2oMF8llSo/9tcf9cFIN4RK5TPmwx/a5D06pIVwglygf9tl+
98EJNYKL4wLlxT7b7z44oUZwcVye/Nhv+94+p9MALoyLUw57bt/b5nQawIVxacph3+1/25xMZVwU
F6Y89t4ZtMupVMYlaXlR+JwpqyY+SwvPpHFOpSIuSM1F4TO0VrnxfqXuqzhOpBIuRokF4b32Uqnw
uqmvr+2cRiVcipTLwWsetdbgNbZcS+k5iQq4DFuXgtexxisEvxP7feXlFArjEqxZBn63ROXG+5Wo
Kfzc0udVjlMojEsQsgz8bI5qHZ83R4XcT3U5gYIY/rkl4GdS1F7xPVPU3HVVj90vhKEfCz9/t6WO
jv1IXarDzhfCwKcuzWO/UpTKs+sFMOgpStuwn2tLZdnxzBjwtaW82O+YUjl2OzOGO6ZUB+cQWsrP
LmfCMIeW2sL5hJbysLOJMbghpT5wbiGltOxoIgzqUqlvnOdSKQ07uRGDuVTaF853qbSNHVyJQVwq
7RvnvVRax85FYvDmSsfEHMyV4tixQAzaXEknmIu5Uhg7tYDBmitpDHMyV5pnh2YwTFMlhWBupkrT
7M4IBmiqpDWYo6nSZXblAgZmqqQUmKup0v/ZjTMMyVhJOTBnY6X/OnwnGIypknJi3qbq6A7dAYZh
rKSSmL+xOrJDvj0DMFZSTczjWB3R4d6aQx8rqQXM5VgdzWHemIMeK6lFzOlYHcUh3pTDHSupZczr
WB3B7t+SQ2VJPWF+WXu32zfkIMdK6hFzPFZ7tcs34/BY0h4w16w92t1bcWgsaU+Yb9be7OqNOCyW
tEfM+VjtxS7ehMNhSUfA3LP2oPu34FBY0pEw/6zedf0GHAZLOiLuAatn3T49h8CSjo47sYf96PLJ
2fw9DELKgfvR+65099Rseu8DkHLjnvS8M109MZvdc+OlkrgvrF5086RscI/Nlmri3rB60MVTsrG9
NVlqBfeH1brmn5AN7am5Uou4R6yWNf10bGQvTZV6wJ3qYbeafTo2sZeGSj3hbrW+Y00+GZvXQyOl
HnG/Wt+15p6KTWu9gVLvuGct71xTT8Rmtdw4aU+4b63uXjNPwya12jBpr7h3Le5gE0/C5rTYKOkI
uH+t7WL1p2BTWmuQdDTcw5Z2suoTsBktNUY6Mu5jK7tZ7e5sQisNkfRf3MsWdrTandmA2o2QdBn3
s/aeVrkzX752EyRN457W3Nfid+VL13x5SWG4r7X2tugd+bI1X1xSOO5rrd0teje+aI0XlrQO97bG
Dhe7E1+w9ItK2o77W3qPi9yJL1f6JSWlwz0uuc/Z78KXKv2CktLiHpfc6ax34MuUfDFJ+XCfS+12
1qvzRUq8kKQyuNcl9jvb1fkSJV5GUlnc79x7nu3KfIGcLyGpHu55zn3PclU+eM4XkFQX9zznvie/
Kh8658NLagP3PdfeJ78iHzjHQ0tqD/c+x+4nvSIfNtdDS2oP9z7H/ie7Gh8yx8NKahv3P/U5kOxK
fMDUDyqpfdz/1OdAkivx4VI/pKR+8BxIeR5svgofKuXDSeoTz4NU58LmK/CBUj2YpH7xPEh1Lmy6
Ah8m1UNJ6h/PhRTnw6Zv80G2PoykfeH5sPWMWP1tPkSKh5G0Lzwftp4Tq7/JB9jyEJL2i+fElrNi
1Td5860PIWm/eE5sOS9WfYs3XntzScfA82LtmRH9Ld50y80lHQPPi7XnRvQ3eMM1N5V0PDw31pwd
Ud/gzdbeVNLx8NxYc35EfZo3ir2ZpGPj+RF7hgR/mjdZczNJx8bzI/YcCf4kbxBzE0k6x3Mk5iwJ
+iQvHnsTSTrHcyTmPAn6FC8cenFJGsPzJPRMWfwULxpzcUkaw/Mk9FxZ/AQvGHJRSVrCcyXkbFn8
BC8YclFJWsJzJeRsmf0ELxZ6UUlawnMl5HyZ/S0vtHQxSYrB82XpjJn8LS8ScjFJisHzZemcmfwN
LzB3EUlai+fM3Fkz+RteYO4ikrQWz5m5s2b0N/zy0kUkaS2eM3PnzehP+cWpL0tSCjxvps6c0Z/y
i1NflqQUeN5MnTmXfsovzX1ZklLgeTN17lz6Cb8w9iVJSo3nztjZc+kn/MLYlyQpNZ47Y2fPVT/h
h8e+IEm58PzhGeSBJakZPH94BnlgSWoGzx+eQR5YkprB84fn0P/+Ez/gYSWpBp5DHliSmsVzyANL
UrN4Dl06sPhLfkiSSuE5dPE8mjywJKkWnkceWJKaxfPo/Ez6D2VOF0Fkd5eKAAAAAElFTkSuQmCC'));


INSERT INTO judge
(id, name, surname)
VALUES 
(1, 'Michael', 'Brown'),
(2, 'Patricia', 'Davis');

INSERT INTO marker
(id, name, surname)
VALUES 
(1, 'David', 'Miller'),
(2, 'Elizabeth', 'Wilson');

/*
INSERT INTO team
(id, name)
VALUES 
(1, 'Aces'), 
(2, 'Golden Boys');
*/
INSERT INTO team
(id)
VALUES 
(1), 
(2);

INSERT INTO team_players
(team_id, players_id)
VALUES 
(1, 1),
(1, 3),
(2, 2),
(2, 4);

INSERT INTO course
(id, location, name)
VALUES
(1,'5500 140th Ave NE, Bellevue, WA','Bellevue Golf Course'),
(2,'4611 Tumwater Valley Dr SE, Tumwater, WA','Tumwater Valley Golf Club'),
(3,'4002 Pennsylvania St, Longview, WA','Mint Valley Golf Course');

INSERT INTO hole
(id, hole_number, stroke_index, par)
VALUES 
(1, 1, 7, 4),
(2, 2, 15, 4),
(3, 3, 17, 3),
(4, 4, 3, 4),
(5, 5, 9, 5), 
(6, 6, 13, 3),
(7, 7, 1, 4),
(8, 8, 11, 4),
(9, 9, 5, 5),
(10, 10, 8, 4),
(11, 11, 16, 4),
(12, 12, 18, 3),
(13, 13, 4, 4),
(14, 14, 10, 4),
(15, 15, 6, 5),
(16, 16, 2, 4),
(17, 17, 14, 3),
(18, 18, 12, 4);

INSERT INTO course_holes
(course_id, holes_id)
VALUES
(1, 1),
(1, 2),
(1, 3),
(1, 4),
(1, 5),
(1, 6),
(1, 7),
(1, 8),
(1, 9),
(1, 10),
(1, 11),
(1, 12),
(1, 13),
(1, 14),
(1, 15),
(1, 16),
(1, 17),
(1, 18);

INSERT INTO tee
(id, tee_colour, length)
VALUES
-- BLUE colour
(1, 3, 420),
(2, 3, 380),
(3, 3, 180),
(4, 3, 440),
(5, 3, 550),
(6, 3, 210),
(7, 3, 460),
(8, 3, 400),
(9, 3, 520),
(10, 3, 430),
(11, 3, 390),
(12, 3, 190),
(13, 3, 450),
(14, 3, 410),
(15, 3, 540),
(16, 3, 470),
(17, 3, 200),
(18, 3, 420),
-- WHITE colour
(19, 1, 400),
(20, 1, 360),
(21, 1, 160),
(22, 1, 420),
(23, 1, 530),
(24, 1, 190),
(25, 1, 440),
(26, 1, 380),
(27, 1, 500),
(28, 1, 410),
(29, 1, 370),
(30, 1, 170),
(31, 1, 430),
(32, 1, 390),
(33, 1, 520),
(34, 1, 450),
(35, 1, 180),
(36, 1, 400),
-- RED colour
(37, 4, 370),
(38, 4, 330),
(39, 4, 140),
(40, 4, 390),
(41, 4, 490),
(42, 4, 170),
(43, 4, 410),
(44, 4, 350),
(45, 4, 470),
(46, 4, 380),
(47, 4, 340),
(48, 4, 150),
(49, 4, 400),
(50, 4, 360),
(51, 4, 480),
(52, 4, 420),
(53, 4, 160),
(54, 4, 370);


-- Connect tees to holes
INSERT INTO hole_tees
(hole_id, tees_id)
VALUES 
-- Hole 1 tees
(1, 1), (1, 19), (1, 37),
-- Hole 2 tees
(2, 2), (2, 20), (2, 38),
-- Hole 3 tees
(3, 3), (3, 21), (3, 39),
-- Hole 4 tees
(4, 4), (4, 22), (4, 40),
-- Hole 5 tees
(5, 5), (5, 23), (5, 41),
-- Hole 6 tees
(6, 6), (6, 24), (6, 42),
-- Hole 7 tees
(7, 7), (7, 25), (7, 43),
-- Hole 8 tees
(8, 8), (8, 26), (8, 44),
-- Hole 9 tees
(9, 9), (9, 27), (9, 45),
-- Hole 10 tees
(10, 10), (10, 28), (10, 46),
-- Hole 11 tees
(11, 11), (11, 29), (11, 47),
-- Hole 12 tees
(12, 12), (12, 30), (12, 48),
-- Hole 13 tees
(13, 13), (13, 31), (13, 49),
-- Hole 14 tees
(14, 14), (14, 32), (14, 50),
-- Hole 15 tees
(15, 15), (15, 33), (15, 51),
-- Hole 16 tees
(16, 16), (16, 34), (16, 52),
-- Hole 17 tees
(17, 17), (17, 35), (17, 53),
-- Hole 18 tees
(18, 18), (18, 36), (18, 54);

INSERT INTO competition
(id, name, start_date, end_date, course_id)
VALUES 
(1, 'Spring Championship 2025', '2025-04-15', '2025-04-17', 1);

INSERT INTO competition_judges
(competition_id, judges_id)
VALUES 
(1, 1),
(1, 2);

INSERT INTO competition_players
(competition_id, players_id)
VALUES 
(1, 1),
(1, 2),
(1, 3),
(1, 4);

INSERT INTO competition_teams
(competition_id, teams_id)
VALUES 
(1, 1),
(1, 2);

INSERT INTO round
(id, competition_id, round_number, date, name)
VALUES 
(1, 1, 1, '2025-04-15', 'Round 1'),
(2, 1, 2, '2025-04-16', 'Round 2'),
(3, 1, 3, '2025-04-17', 'Round 3');

INSERT INTO competition_rounds
(competition_id, rounds_id)
VALUES 
(1, 1),
(1, 2),
(1, 3);

INSERT INTO round_roundplayers
(round_id, roundplayers_id)
VALUES 
-- Round 1
(1, 1),
(1, 2),
(1, 3),
(1, 4),
-- Round 2
(2, 1),
(2, 2),
(2, 3),
(2, 4),
-- Round 3
(3, 1),
(3, 2),
(3, 3),
(3, 4);


INSERT INTO round_score
(id,date,sum_stableford,competition_id,player_id,score_card_id,round_id,
sum_gross_score,sum_net_score,sum_net_score_par,sum_penalty,sum_par,sum_stroke,sum_score_subtract_par,sum_score_subtract_par_hcp
)
VALUES
(1,'2025-04-15',18,1,1,NULL,1,126,90,18,0,72,126,NULL,NULL);

--INSERT INTO round_roundscores
--(round_id,roundscores_id)
--VALUES
--(1,67),
--(1,68),
--(1,69),
--(1,70),
--(1,71),
--(1,63),
--(1,58),
--(1,59),
--(1,60),
--(1,61),
--(1,62);

INSERT INTO score
(id,score_subtract_par,score_subtract_par_hcp,stableford,gross_score,net_score,net_score_par,penalty,stroke)
VALUES
(1,0,1,2,5,4,0,1,NULL),
(2,0,1,2,6,5,0,1,NULL),
(3,0,1,2,4,3,0,1,NULL),
(4,0,1,2,5,4,0,1,NULL),
(5,0,1,2,5,4,0,1,NULL),
(6,0,1,2,5,4,0,1,NULL),
(7,0,1,2,4,3,0,1,NULL),
(8,0,1,2,5,4,0,1,NULL),
(9,0,1,2,6,5,0,1,NULL),
(10,0,1,2,5,4,0,1,NULL),
(11,0,1,2,4,3,0,1,NULL),
(12,0,1,2,5,4,0,1,NULL),
(13,0,1,2,6,5,0,1,NULL),
(14,0,1,2,5,4,0,1,NULL),
(15,0,1,2,5,4,0,1,NULL),
(16,0,1,2,4,3,0,1,NULL),
(17,0,1,2,6,5,0,1,NULL),
(18,0,1,2,5,4,0,1,NULL);

INSERT INTO round_score_scores
(round_score_id,scores_id)
VALUES
(1,1),
(1,2),
(1,3),
(1,4),
(1,5),
(1,6),
(1,7),
(1,8),
(1,9),
(1,10),
(1,11),
(1,12),
(1,13),
(1,14),
(1,15),
(1,16),
(1,17),
(1,18);